\,Branch length (µm) [Single value],No. of compartments
Cell 4 rooted in Path (4),8.480330838730332,1
Cell 5 rooted in Path (5),3.4562921356515464,1
Cell 2 rooted in Path (2),26.792908016145816,1
Cell 3 rooted in Path (3),10.478404036886364,1
Cell 1 rooted in Path (1),9.757078457136663,1
Cell 8 rooted in Path (8),2.2890721471769315,1
Cell 9 rooted in Path (9),5.106990473625314,1
Cell 6 rooted in Path (6),2.070016887313501,1
Cell 7 rooted in Path (7),7.313110850255719,1
